id,first_name,last_name,email,gender,ip_address
1,Kennie,Ebrall,kebrall0@chronoengine.com,Male,18.11.155.153
2,Kelci,Gaffey,kgaffey1@samsung.com,Female,211.16.0.207
3,Scarface,Feechan,sfeechan2@over-blog.com,Male,136.148.135.27
4,Chlo,Pattillo,cpattillo3@digg.com,Female,51.182.7.95
5,Anneliese,Muffen,amuffen4@boston.com,Female,175.157.207.126
6,Sheffy,Cormack,scormack5@squarespace.com,Male,200.110.134.18
7,Gill,Wittman,gwittman6@vimeo.com,Female,143.174.241.77
8,Halette,Druett,hdruett7@nasa.gov,Female,163.70.45.74
9,Thibaut,Frill,tfrill8@mozilla.com,Male,223.106.230.20
10,Gerardo,Elphick,gelphick9@smugmug.com,Male,23.40.99.32
11,Frankie,Collerd,fcollerda@twitter.com,Male,201.186.112.249
12,Marcos,Eastwood,meastwoodb@webeden.co.uk,Male,218.206.186.144
13,Lemuel,Gerner,lgernerc@hostgator.com,Male,19.0.160.247
14,Giacomo,Revey,greveyd@mediafire.com,Male,204.104.20.191
15,Mina,Freeman,mfreemane@go.com,Female,66.72.247.24
16,Vallie,Vater,vvaterf@reverbnation.com,Female,37.119.240.183
17,Antonino,Heigho,aheighog@drupal.org,Male,43.183.166.129
18,Aubrey,Vanne,avanneh@wikispaces.com,Female,76.161.105.18
19,Horatius,Knox,hknoxi@state.tx.us,Male,173.7.231.111
20,Myles,Eberle,meberlej@epa.gov,Male,249.16.54.152